INSERT INTO Categories (name_category) VALUES 
('Пицца'),
('Салаты'),
('Закуски');

INSERT INTO Ingredients (name_ingredient) VALUES 
('Тесто'),
('Томатный соус'),
('Сырный соус'),
('Чесночный соус'),
('Соус Манго'),
('Моцарелла'),
('Чеддер'),
('Пармезан'),
('Маасдам'),
('Пепперони'),
('Грибы'),
('Маринованные огурцы'),
('Болгарский перец'),
('Лук'),
('Базилик'),
('Оливки'),
('Красный лук'),
('Манго'),
('Перец халапеньо'),
('Руккола'),
('Салями'),
('Копченые колбаски'),
('Ветчина'),
('Бекон'),
('Картофель'),
('Наггетсы'),
('Стрипсы'),
('Курица'),
('Салат');

INSERT INTO Dishes (id_price, id_category, name_dish, cooking_time, id_measure_unit, unit) VALUES 
(1, 1, 'Маргарита', '30 минут', 3, 1),
(2, 1, 'Пепперони', '30 минут', 3, 1),
(3, 1, 'Тропическая', '30 минут', 3, 1),
(4, 1, 'Четыре сезона', '35 минут', 3, 1),
(5, 1, 'Мясная пицца', '40 минут', 3, 1),
(6, 1, 'Вегетарианская', '30 минут', 3, 1),
(7, 1, 'Пицца с оливками', '35 минут', 3, 1),
(8, 1, 'Пицца с грибами', '30 минут', 3, 1),
(9, 1, 'Сырная пицца', '40 минут', 3, 1),
(10, 1, 'Овощная пицца', '35 минут', 3, 1),
(11, 2, 'Цезарь', '15 минут', 1, 300),
(12, 2, 'Тропический', '10 минут', 1, 310),
(13, 2, 'Овощной', '10 минут', 1, 350),
(14, 3, 'Наггетсы', '20 минут', 3, 6),
(15, 3, 'Картофель фри', '15 минут', 1, 150),
(16, 3, 'Стрипсы', '20 минут', 3, 6);

INSERT INTO Price_List (price, start_date, end_date) VALUES 
(500, '2023-10-01 00:00:00', '2023-12-31 23:59:59'),
(600, '2023-10-01 00:00:00', '2023-12-31 23:59:59'),
(650, '2023-10-01 00:00:00', '2023-12-31 23:59:59'),
(700, '2023-10-01 00:00:00', '2023-12-31 23:59:59'),
(800, '2023-10-01 00:00:00', '2023-12-31 23:59:59'),
(550, '2023-10-01 00:00:00', '2023-12-31 23:59:59'),
(600, '2023-10-01 00:00:00', '2023-12-31 23:59:59'),
(580, '2023-10-01 00:00:00', '2023-12-31 23:59:59'),
(620, '2023-10-01 00:00:00', '2023-12-31 23:59:59'),
(570, '2023-10-01 00:00:00', '2023-12-31 23:59:59'),
(300, '2023-10-01 00:00:00', '2023-12-31 23:59:59'),
(350, '2023-10-01 00:00:00', '2023-12-31 23:59:59'),
(280, '2023-10-01 00:00:00', '2023-12-31 23:59:59'),
(250, '2023-10-01 00:00:00', '2023-12-31 23:59:59'),
(200, '2023-10-01 00:00:00', '2023-12-31 23:59:59'),
(270, '2023-10-01 00:00:00', '2023-12-31 23:59:59');

INSERT INTO Compositions (id_dish, id_ingredient, id_measure_unit, unit) VALUES 
(1, 1, 1, 250),
(1, 2, 1, 100),
(1, 6, 1, 150),
(1, 15, 1, 10),
(2, 1, 1, 250),
(2, 2, 1, 100),
(2, 6, 1, 150),
(2, 10, 1, 50),
(3, 1, 1, 250),
(3, 2, 1, 100),
(3, 6, 1, 150),
(3, 18, 1, 20),
(3, 7, 1, 50), 
(4, 1, 1, 250),
(4, 2, 1, 100),
(4, 6, 1, 150),
(4, 10, 1, 50),
(4, 11, 1, 50),
(4, 12, 1, 50),
(5, 1, 1, 250),
(5, 2, 1, 100),
(5, 6, 1, 150),
(5, 20, 1, 50),
(5, 21, 1, 50),
(5, 22, 1, 50),
(6, 1, 1, 250),
(6, 2, 1, 100),
(6, 6, 1, 150),
(6, 12, 1, 50),
(6, 13, 1, 50),
(6, 14, 1, 20),
(6, 15, 1, 10),
(7, 1, 1, 250),
(7, 2, 1, 100),
(7, 6, 1, 150),
(7, 16, 1, 30),
(8, 1, 1, 250),
(8, 2, 1, 100),
(8, 6, 1, 150),
(8, 11, 1, 50),
(9, 1, 1, 250),
(9, 2, 1, 100),
(9, 6, 1, 150),
(9, 7, 1, 50), 
(9, 8, 1, 50), 
(10, 1, 1, 250),
(10, 2, 1, 100),
(10, 6, 1, 150),
(10, 12, 1, 50),
(10, 13, 1, 50),
(10, 14, 1, 50),
(10, 15, 1, 10),
(11, 14, 1, 100),
(11, 20, 1, 50),
(11, 21, 1, 50),
(11, 26, 1, 100),
(11, 29, 1, 50),
(12, 2, 1, 100),
(12, 6, 1, 150),
(12, 18, 1, 30),
(12, 13, 1, 50),
(13, 2, 1, 100),
(13, 6, 1, 150),
(13, 12, 1, 50),
(13, 13, 1, 50),
(13, 14, 1, 50),
(14, 26, 1, 200),
(15, 14, 1, 200),
(16, 26, 1, 200);

INSERT INTO Restaurant_Tables (table_number, quantity_of_seats) VALUES 
(1, 6),
(2, 6),
(3, 6),
(4, 4),
(5, 4),
(6, 4),
(7, 4),
(8, 20);

INSERT INTO Nomenclature (measure_unit) VALUES
('гр'),
('мл'),
('шт'),
('кг'),
('л');

INSERT INTO Clients (name_client, phone_number, day_of_birth) VALUES
('Иван Иванов', '89161234567', '1990-05-15 00:00:00'),
('Мария Петрова', '89169876543', '1985-08-22 00:00:00'),
('Сергей Сидоров', '89162345678', '1992-12-30 00:00:00'),
('Анна Смирнова', '89163456789', '1988-03-10 00:00:00'),
('Дмитрий Кузнецов', '89164567890', '1995-07-25 00:00:00');

INSERT INTO Client_Orders (id_staffshift, id_client, id_table, id_promocode, open_datetime, close_datetime, status_order) VALUES
(1, 1, 1, NULL, '2023-10-01 12:00:00', '2023-10-01 13:00:00', 'Завершён'),
(2, 2, 2, 101, '2023-10-01 14:00:00', '2023-10-01 15:30:00', ' Завершён '),
(1, 3, 3, NULL, '2023-10-01 16:00:00', '2023-10-01 17:00:00', 'Завершён'),
(2, 4, 1, 102, '2023-10-01 18:00:00', '2023-10-01 19:15:00', 'Отменён'),
(1, 5, 2, NULL, '2023-10-01 20:00:00', '2023-10-01 21:00:00', 'Завершён');

INSERT INTO Order_Positions (id_order, id_dish, count_dish, price, discount, start_time, status_position) VALUES
(1, 1, 2, 600, 0, '2023-10-01 12:00:00', 'Приготовление'),
(1, 2, 1, 300, 0, '2023-10-01 12:05:00', 'Приготовление'),
(1, 11, 1, 250, 0, '2023-10-01 12:10:00', 'Приготовление'),
(2, 3, 1, 320, 0, '2023-10-01 14:05:00', 'Приготовление'),
(2, 11, 1, 250, 50, '2023-10-01 14:10:00', 'Приготовление'),
(3, 4, 1, 350, 0, '2023-10-01 16:10:00', 'Приготовление'),
(3, 6, 2, 600, 100, '2023-10-01 16:15:00', 'Приготовление'),
(4, 14, 3, 450, 0, '2023-10-01 18:10:00', 'Отменён'),
(4, 15, 2, 300, 0, '2023-10-01 18:15:00', 'Отменён'),
(5, 1, 1, 300, 0, '2023-10-01 20:10:00', 'Приготовление'),
(5, 2, 3, 900, 150, '2023-10-01 20:15:00', 'Приготовление'),
(5, 3, 1, 320, 0, '2023-10-01 20:20:00', 'Приготовление'),
(5, 11, 2, 500, 0, '2023-10-01 20:25:00', 'Приготовление'),
(5, 15, 1, 150, 0, '2023-10-01 20:30:00', 'Приготовление');

INSERT INTO Promcodes (promocode, discount) VALUES
('SUMMER2023', 15),
('WINTER2023', 20),
('FALL2023', 10),
('SPRING2023', 5),
('WELCOME10', 10);

INSERT INTO Staff (fullname_staff) VALUES
('Иван Иванов'),
('Мария Петрова'),
('Алексей Смирнов'),
('Ольга Кузнецова'),
('Дмитрий Сидоров');

INSERT INTO Shift (open_datetime, close_datetime, status_shift) VALUES
('2023-10-01 08:00:00', '2023-10-01 23:00:00', 'Закрыта'),
('2023-10-02 08:00:00', '2023-10-02 23:00:00', 'Закрыта'),
('2023-10-03 08:00:00', '2023-10-03 23:00:00', 'Закрыта');

INSERT INTO Shift (open_datetime) VALUES
('2023-10-04 08:00:00');

INSERT INTO Staff_shift (id_shift, id_staff, open_datetime, close_datetime, status_staffshift) VALUES
(1, 1, '2023-10-01 08:00:00', '2023-10-01 16:00:00', 'Завершена'),
(1, 2, '2023-10-01 08:00:00', '2023-10-01 16:00:00', 'Завершена'),
(2, 3, '2023-10-02 16:00:00', '2023-10-02 23:00:00', 'Завершена');

INSERT INTO Staff_shift (id_shift, id_staff, open_datetime) VALUES
(2, 4, '2023-10-02 08:00:00');

